Document Title,Reason for exclusion
Techniques and algorithms for computer aided diagnosis of pigmented skin lesions—A review,Excluded: Did not meet study design inclusion criteria (Secondary literature / Review article).
Cancer diagnosis using deep learning: A bibliographic review,Excluded: Did not meet study design inclusion criteria (Secondary literature / Review article).
A Survey of Feature Extraction in Dermoscopy Image Analysis of Skin Cancer,Excluded: Did not meet study design inclusion criteria (Secondary literature / Review article).
Dermoscopy Image Analysis: Overview and Future Directions,Excluded: Did not meet study design inclusion criteria (Secondary literature / Review article).
Artificial Intelligence-Based Image Classification for Diagnosis of Skin Cancer: Challenges and Opportunities,Excluded: Did not meet study design inclusion criteria (Secondary literature / Review article).
Artificial intelligence-based image classification methods for diagnosis of skin cancer: Challenges and opportunities,Excluded: Did not meet study design inclusion criteria (Secondary literature / Review article).
A survey on U-shaped networks in medical image segmentations,Excluded: Did not meet study design inclusion criteria (Secondary literature / Review article).
What is AI? Applications of artificial intelligence to dermatology,Excluded: Did not meet study design inclusion criteria (Secondary literature / Review article).
"Recent advancement in cancer detection using machine learning: Systematic survey of decades, comparisons and challenges",Excluded: Did not meet study design inclusion criteria (Secondary literature / Review article).
Artificial Intelligence in Dermatology: A Primer,Excluded: Did not meet study design inclusion criteria (Secondary literature / Review article).
"Machine Learning in Dermatology: Current Applications, Opportunities, and Limitations",Excluded: Did not meet study design inclusion criteria (Secondary literature / Review article).
Hyperspectral and multispectral imaging in digital and computational pathology: A systematic review [Invited],Excluded: Did not meet study design inclusion criteria (Secondary literature / Review article).
Machine learning and its application in skin cancer,Excluded: Did not meet study design inclusion criteria (Secondary literature / Review article).
Lack of Transparency and Potential Bias in Artificial Intelligence Data Sets and Algorithms: A Scoping Review,Excluded: Did not meet study design inclusion criteria (Secondary literature / Review article).
Skin disease diagnosis with deep learning: A review,Excluded: Did not meet study design inclusion criteria (Secondary literature / Review article).
Skin cancer classification via convolutional neural networks: systematic review of studies involving human experts,Excluded: Did not meet study design inclusion criteria (Secondary literature / Review article).
Machine learning and deep learning methods for skin lesion classification and diagnosis: A systematic review,Excluded: Did not meet study design inclusion criteria (Secondary literature / Review article).
Skin cancer detection: A review using deep learning techniques,Excluded: Did not meet study design inclusion criteria (Secondary literature / Review article).
Deep learning techniques for skin lesion analysis and melanoma cancer detection: a survey of state-of-the-art,Excluded: Did not meet study design inclusion criteria (Secondary literature / Review article).
Cutaneous Malignant Melanoma: A Review of Early Diagnosis and Management,Excluded: Did not meet study design inclusion criteria (Secondary literature / Review article).
A scoping review of transfer learning research on medical image analysis using ImageNet,Excluded: Did not meet study design inclusion criteria (Secondary literature / Review article).
Artificial Intelligence in Dermatology: Challenges and Perspectives,Excluded: Did not meet study design inclusion criteria (Secondary literature / Review article).
Artificial Intelligence in Dermatology Image Analysis: Current Developments and Future Trends,Excluded: Did not meet study design inclusion criteria (Secondary literature / Review article).
Skin Cancer Classification With Deep Learning: A Systematic Review,Excluded: Did not meet study design inclusion criteria (Secondary literature / Review article).
Recent advancement in cancer diagnosis using machine learning and deep learning techniques: A comprehensive review,Excluded: Did not meet study design inclusion criteria (Secondary literature / Review article).
Artificial intelligence and machine learning algorithms for early detection of skin cancer in community and primary care settings: a systematic review,Excluded: Did not meet study design inclusion criteria (Secondary literature / Review article).
Explainable artificial intelligence in skin cancer recognition: A systematic review,Excluded: Did not meet study design inclusion criteria (Secondary literature / Review article).
Characteristics of publicly available skin cancer image datasets: a systematic review,Excluded: Did not meet study design inclusion criteria (Secondary literature / Review article).
A comprehensive review on federated learning based models for healthcare applications,Excluded: Did not meet study design inclusion criteria (Secondary literature / Review article).
Evaluation of artificial intelligence techniques in disease diagnosis and prediction,Excluded: Did not meet study design inclusion criteria (Secondary literature / Review article).
ResNet and its application to medical image processing: Research progress and challenges,Excluded: Did not meet study design inclusion criteria (Secondary literature / Review article).
Artificial intelligence in cancer diagnosis and therapy: Current status and future perspective,Excluded: Did not meet study design inclusion criteria (Secondary literature / Review article).
A survey on deep learning for skin lesion segmentation,Excluded: Did not meet study design inclusion criteria (Secondary literature / Review article).
State-of-the-art machine learning techniques for melanoma skin cancer detection and classification: a comprehensive review,Excluded: Did not meet study design inclusion criteria (Secondary literature / Review article).
"A survey, review, and future trends of skin lesion segmentation and classification",Excluded: Did not meet study design inclusion criteria (Secondary literature / Review article).
A review on recent developments in cancer detection using Machine Learning and Deep Learning models,Excluded: Did not meet study design inclusion criteria (Secondary literature / Review article).
A systematic review and meta-analysis of artificial intelligence versus clinicians for skin cancer diagnosis,Excluded: Did not meet study design inclusion criteria (Secondary literature / Review article).
A survey on cancer detection via convolutional neural networks: Current challenges and future directions,Excluded: Did not meet study design inclusion criteria (Secondary literature / Review article).
A Comprehensive Systematic Review of YOLO for Medical Object Detection (2018 to 2023),Excluded: Did not meet study design inclusion criteria (Secondary literature / Review article).
Modern Trends and Recent Applications of Hyperspectral Imaging: A Review,Excluded: Did not meet study design inclusion criteria (Secondary literature / Review article).
A survey on computer vision approaches for automated classification of skin diseases,Excluded: Did not meet study design inclusion criteria (Secondary literature / Review article).
Advancements in skin cancer classification: a review of machine learning techniques in clinical image analysis,Excluded: Did not meet study design inclusion criteria (Secondary literature / Review article).
A comprehensive review of deep learning for medical image segmentation,Excluded: Did not meet study design inclusion criteria (Secondary literature / Review article).
Generalizable and explainable deep learning for medical image computing: An overview,Excluded: Did not meet study design inclusion criteria (Secondary literature / Review article).
Facial thermal imaging: A systematic review with guidelines and measurement uncertainty estimation,Excluded: Did not meet study design inclusion criteria (Secondary literature / Review article).
Using deep learning for dermatologist-level detection of suspicious pigmented skin lesions from wide-field images,Excluded: Full-text report could not be retrieved via available institutional library portals
Skin lesion analyser: an efficient seven-way multi-class skin cancer classification using mobilenet,Excluded: Full-text report could not be retrieved via available institutional library portals
Boundary-Aware Transformers for Skin Lesion Segmentation,Excluded: Full-text report could not be retrieved via available institutional library portals
Checklist for Evaluation of Image-Based Artificial Intelligence Reports in Dermatology: CLEAR Derm Consensus Guidelines from the International Skin Imaging Collaboration Artificial Intelligence Working Group,Excluded: Full-text report could not be retrieved via available institutional library portals
Comparison of the impacts of dermoscopy image augmentation methods on skin cancer classification and a new augmentation method with wavelet packets,Excluded: Full-text report could not be retrieved via available institutional library portals
LBO-MPAM: Ladybug Beetle Optimization-based multilayer perceptron attention module for segmenting the skin lesion and automatic localization,Excluded: Full-text report could not be retrieved via available institutional library portals
SKINC-NET: an efficient Lightweight Deep Learning Model for Multiclass skin lesion classification in dermoscopic images,Excluded: Full-text report could not be retrieved via available institutional library portals
Auditing the inference processes of medical-image classifiers by leveraging generative AI and the expertise of physicians,Excluded: Full-text report could not be retrieved via available institutional library portals
Rethinking Copy-Paste for Consistency Learning in Medical Image Segmentation,Excluded: Full-text report could not be retrieved via available institutional library portals
Label-Free Medical Image Quality Evaluation by Semantics-Aware Contrastive Learning in IoMT,Excluded: Full-text report could not be retrieved via available institutional library portals
Finite element skin models as additional data for dynamic infrared thermography on skin lesions,Excluded: Full-text report could not be retrieved via available institutional library portals